﻿<?xml version="1.0" encoding="UTF-8" standalone="no"?>
<?xml-stylesheet href="..\..\XSLT\Overview.xslt" type="text/xsl"?>
<sample><name>Native COBOL Airport Demo</name>
<contents>
  <content linkto="overview">Overview</content>
  <content linkto="howToRun">How to Run this Demonstration</content>
  <content linkto="projectsDescription">Project Description</content>
</contents>
  <overview>
    <heading>Overview</heading>
    <directory>Samples\COBOL\AirportDemo</directory>
    <description>
        This sample is a Visual Studio native graphical console application that enables you to view the geographical location and the distance between airports. It shows how to use native COBOL to handle indexed data files. The information about the airport codes is stored in the airports.dat file.
    </description>
    <helpReference></helpReference>
  </overview>
  <howToRun>
    <heading>How to Run this Demonstration</heading>
    <steps>
      <step>
        <description>To run this demonstration in Visual Studio:</description>
        <steps>
          <step>Open AirportDemo.sln.</step>
          <step>Build the solution and start debugging.</step>
          <step>Follow the instructions on the console. To see the available airport codes view the airports.dat file by opening it using the Data File Editor.</step>
        </steps>
      </step>
    </steps>
  </howToRun>
  <projectsDescription>
    <heading>Project Description</heading>
    <intro>The AirportDemo.sln solution includes two projects, AirportConsoleApplication and AirportLinkLibrary.</intro>
    <projects>
      <project name="AirportConsoleApplication Project">
        <description>This project contains:</description>
        <contents>
          <content name="airport.cbl">A program that contains the user interface logic of the console application</content>
          <content name="airports.dat">Data file with all airport records.</content>
          <content name="Application.config">Config file that defines the location of the .dat file to be used</content>
        </contents>
        <outputPath>..\bin</outputPath>
        <references>
          <reference>..\Copybooks\airparams.cpy</reference>
          <reference>..\Copybooks\airrec.cpy</reference>
          <reference>distscrn.ss</reference>
          <reference>distrec.ss</reference>
        </references>
      </project>
      <project name="AirportLinkLibrary Project">
        <description>This project contains:</description>
        <contents>
          <content name="aircode.cbl">A program containing the application logic for reading from the data file and calculating distances</content>
        </contents>
        <outputPath>..\bin</outputPath>
        <references>
          <reference>..\Copybooks\airparams.cpy</reference>
          <reference>..\Copybooks\airrec.cpy</reference>
        </references>
      </project>
    </projects>
  </projectsDescription>
</sample>