<?xml version="1.0" encoding="iso-8859-1"?>
<tables>
  <table name="HCRelationships">
    <row DeclHCID1="0" DeclHCID2="S1L" Type="const.move" VarHCID1="S1W" VarHCID2="S1V" Offset1="0" Size1="0" Step1="0" Cnt1="1" Offset2="5760" Size2="32" Step2="0" Cnt2="1" Sync="false" SourceID="1434"/>
    <row DeclHCID1="0" DeclHCID2="SK" Type="const.move" VarHCID1="S22" VarHCID2="S21" Offset1="0" Size1="0" Step1="0" Cnt1="1" Offset2="1280" Size2="8" Step2="0" Cnt2="1" Sync="false" SourceID="1434"/>
    <row DeclHCID1="S16" DeclHCID2="0" Type="const.cond" VarHCID1="S26" VarHCID2="S27" Offset1="4864" Size1="16" Step1="0" Cnt1="1" Offset2="0" Size2="0" Step2="0" Cnt2="1" Sync="false" SourceID="1434"/>
    <row DeclHCID1="0" DeclHCID2="SX" Type="const.move" VarHCID1="S2A" VarHCID2="S2B" Offset1="0" Size1="0" Step1="0" Cnt1="1" Offset2="1344" Size2="32" Step2="0" Cnt2="1" Sync="false" SourceID="1434"/>
    <row DeclHCID1="0" DeclHCID2="SY" Type="const.move" VarHCID1="S2A" VarHCID2="S2C" Offset1="0" Size1="0" Step1="0" Cnt1="1" Offset2="1408" Size2="32" Step2="0" Cnt2="1" Sync="false" SourceID="1434"/>
    <row DeclHCID1="0" DeclHCID2="S1M" Type="const.move" VarHCID1="S2A" VarHCID2="S2D" Offset1="0" Size1="0" Step1="0" Cnt1="1" Offset2="5824" Size2="240" Step2="0" Cnt2="1" Sync="false" SourceID="1434"/>
    <row DeclHCID1="0" DeclHCID2="S11" Type="const.move" VarHCID1="S2F" VarHCID2="S2G" Offset1="0" Size1="0" Step1="0" Cnt1="1" Offset2="1536" Size2="48" Step2="0" Cnt2="1" Sync="false" SourceID="1434"/>
    <row DeclHCID1="0" DeclHCID2="S12" Type="const.move" VarHCID1="S2F" VarHCID2="S2H" Offset1="0" Size1="0" Step1="0" Cnt1="1" Offset2="1584" Size2="48" Step2="0" Cnt2="1" Sync="false" SourceID="1434"/>
    <row DeclHCID1="SX" DeclHCID2="0" Type="const.cond" VarHCID1="S2R" VarHCID2="S2S" Offset1="1344" Size1="32" Step1="0" Cnt1="1" Offset2="0" Size2="0" Step2="0" Cnt2="1" Sync="false" SourceID="1434"/>
    <row DeclHCID1="SY" DeclHCID2="0" Type="const.cond" VarHCID1="S2X" VarHCID2="S2Y" Offset1="1408" Size1="32" Step1="0" Cnt1="1" Offset2="0" Size2="0" Step2="0" Cnt2="1" Sync="false" SourceID="1434"/>
    <row DeclHCID1="0" DeclHCID2="SK" Type="const.move" VarHCID1="S32" VarHCID2="S31" Offset1="0" Size1="0" Step1="0" Cnt1="1" Offset2="1280" Size2="8" Step2="0" Cnt2="1" Sync="false" SourceID="1434"/>
    <row DeclHCID1="0" DeclHCID2="S1M" Type="const.move" VarHCID1="S34" VarHCID2="S35" Offset1="0" Size1="0" Step1="0" Cnt1="1" Offset2="5824" Size2="240" Step2="0" Cnt2="1" Sync="false" SourceID="1434"/>
    <row DeclHCID1="SX" DeclHCID2="S1M" Type="comp" VarHCID1="S37" VarHCID2="S3C" Offset1="1344" Size1="32" Step1="0" Cnt1="1" Offset2="5824" Size2="240" Step2="0" Cnt2="1" Sync="false" SourceID="1434"/>
    <row DeclHCID1="0" DeclHCID2="S1M" Type="const.comp" VarHCID1="S39" VarHCID2="S3C" Offset1="0" Size1="0" Step1="0" Cnt1="1" Offset2="5824" Size2="240" Step2="0" Cnt2="1" Sync="false" SourceID="1434"/>
    <row DeclHCID1="SY" DeclHCID2="S1M" Type="comp" VarHCID1="S3A" VarHCID2="S3C" Offset1="1408" Size1="32" Step1="0" Cnt1="1" Offset2="5824" Size2="240" Step2="0" Cnt2="1" Sync="false" SourceID="1434"/>
    <row DeclHCID1="S16" DeclHCID2="0" Type="const.cond" VarHCID1="S3G" VarHCID2="S3H" Offset1="4864" Size1="16" Step1="0" Cnt1="1" Offset2="0" Size2="0" Step2="0" Cnt2="1" Sync="false" SourceID="1434"/>
    <row DeclHCID1="0" DeclHCID2="SX" Type="const.move" VarHCID1="S3K" VarHCID2="S3L" Offset1="0" Size1="0" Step1="0" Cnt1="1" Offset2="1344" Size2="32" Step2="0" Cnt2="1" Sync="false" SourceID="1434"/>
    <row DeclHCID1="0" DeclHCID2="SY" Type="const.move" VarHCID1="S3K" VarHCID2="S3M" Offset1="0" Size1="0" Step1="0" Cnt1="1" Offset2="1408" Size2="32" Step2="0" Cnt2="1" Sync="false" SourceID="1434"/>
    <row DeclHCID1="0" DeclHCID2="S18" Type="const.move" VarHCID1="S3U" VarHCID2="S3V" Offset1="0" Size1="0" Step1="0" Cnt1="1" Offset2="4928" Size2="32" Step2="0" Cnt2="1" Sync="false" SourceID="1434"/>
    <row DeclHCID1="0" DeclHCID2="SK" Type="const.move" VarHCID1="S3Y" VarHCID2="S3X" Offset1="0" Size1="0" Step1="0" Cnt1="1" Offset2="1280" Size2="8" Step2="0" Cnt2="1" Sync="false" SourceID="1434"/>
    <row DeclHCID1="S18" DeclHCID2="0" Type="const.cond" VarHCID1="S42" VarHCID2="S43" Offset1="4928" Size1="32" Step1="0" Cnt1="1" Offset2="0" Size2="0" Step2="0" Cnt2="1" Sync="false" SourceID="1434"/>
    <row DeclHCID1="0" DeclHCID2="SX" Type="const.move" VarHCID1="S49" VarHCID2="S4A" Offset1="0" Size1="0" Step1="0" Cnt1="1" Offset2="1344" Size2="32" Step2="0" Cnt2="1" Sync="false" SourceID="1434"/>
    <row DeclHCID1="0" DeclHCID2="SY" Type="const.move" VarHCID1="S49" VarHCID2="S4B" Offset1="0" Size1="0" Step1="0" Cnt1="1" Offset2="1408" Size2="32" Step2="0" Cnt2="1" Sync="false" SourceID="1434"/>
    <row DeclHCID1="0" DeclHCID2="S13" Type="const.move" VarHCID1="S4E" VarHCID2="S4F" Offset1="0" Size1="0" Step1="0" Cnt1="1" Offset2="1664" Size2="2800" Step2="0" Cnt2="1" Sync="false" SourceID="1434"/>
    <row DeclHCID1="SX" DeclHCID2="SZ" Type="move" VarHCID1="S4H" VarHCID2="S4I" Offset1="1344" Size1="32" Step1="0" Cnt1="1" Offset2="1472" Size2="32" Step2="0" Cnt2="1" Sync="false" SourceID="1434"/>
    <row DeclHCID1="0" DeclHCID2="SK" Type="const.move" VarHCID1="S4L" VarHCID2="S4K" Offset1="0" Size1="0" Step1="0" Cnt1="1" Offset2="1280" Size2="8" Step2="0" Cnt2="1" Sync="false" SourceID="1434"/>
    <row DeclHCID1="S15" DeclHCID2="0" Type="const.cond" VarHCID1="S4P" VarHCID2="S4R" Offset1="1664" Size1="320" Step1="0" Cnt1="1" Offset2="0" Size2="0" Step2="0" Cnt2="1" Sync="false" SourceID="1434"/>
    <row DeclHCID1="0" DeclHCID2="SK" Type="const.move" VarHCID1="S50" VarHCID2="S4Z" Offset1="0" Size1="0" Step1="0" Cnt1="1" Offset2="1280" Size2="8" Step2="0" Cnt2="1" Sync="false" SourceID="1434"/>
    <row DeclHCID1="0" DeclHCID2="S6" Type="const.init" VarHCID1="S7" VarHCID2="S6" Offset1="0" Size1="0" Step1="0" Cnt1="1" Offset2="640" Size2="32" Step2="0" Cnt2="1" Sync="false" SourceID="1434"/>
    <row DeclHCID1="0" DeclHCID2="S8" Type="const.init" VarHCID1="S9" VarHCID2="S8" Offset1="0" Size1="0" Step1="0" Cnt1="1" Offset2="704" Size2="32" Step2="0" Cnt2="1" Sync="false" SourceID="1434"/>
    <row DeclHCID1="0" DeclHCID2="SB" Type="const.init" VarHCID1="SC" VarHCID2="SB" Offset1="0" Size1="0" Step1="0" Cnt1="1" Offset2="1024" Size2="32" Step2="0" Cnt2="1" Sync="false" SourceID="1434"/>
    <row DeclHCID1="0" DeclHCID2="SD" Type="const.init" VarHCID1="SE" VarHCID2="SD" Offset1="0" Size1="0" Step1="0" Cnt1="1" Offset2="1088" Size2="32" Step2="0" Cnt2="1" Sync="false" SourceID="1434"/>
    <row DeclHCID1="0" DeclHCID2="SF" Type="const.init" VarHCID1="SG" VarHCID2="SF" Offset1="0" Size1="0" Step1="0" Cnt1="1" Offset2="1152" Size2="32" Step2="0" Cnt2="1" Sync="false" SourceID="1434"/>
    <row DeclHCID1="0" DeclHCID2="SH" Type="const.init" VarHCID1="SI" VarHCID2="SH" Offset1="0" Size1="0" Step1="0" Cnt1="1" Offset2="1216" Size2="16" Step2="0" Cnt2="1" Sync="false" SourceID="1434"/>
  </table>
</tables>