<?xml version="1.0" encoding="iso-8859-1"?>
<tables>
  <table name="HCExternalRelationships">
    <row Program="AIRPORT" PortHCID="S1X" DeclHCID="0" VarHCID="S1Y" ParmNo="0" Dir="OUT" Type="SCREEN" Entity="MAP" Name="DISPLAY" mOffset="0" mSize="0" mStep="0" mCnt="1" Decision="false" SourceID="1434" RootProgram=""/>
    <row Program="AIRPORT" PortHCID="S2I" DeclHCID="S1O" VarHCID="S2J" ParmNo="0" Dir="OUT" Type="SCREEN" Entity="MAP" Name="G-DISTSCRN" mOffset="6080" mSize="64" mStep="0" mCnt="1" Decision="false" SourceID="1434" RootProgram=""/>
    <row Program="AIRPORT" PortHCID="S2M" DeclHCID="S1O" VarHCID="S2N" ParmNo="0" Dir="IN" Type="SCREEN" Entity="MAP" Name="G-DISTSCRN" mOffset="6080" mSize="64" mStep="0" mCnt="1" Decision="false" SourceID="1434" RootProgram=""/>
    <row Program="AIRPORT" PortHCID="S3N" DeclHCID="S1O" VarHCID="S3O" ParmNo="0" Dir="OUT" Type="SCREEN" Entity="MAP" Name="G-DISTSCRN" mOffset="6080" mSize="64" mStep="0" mCnt="1" Decision="false" SourceID="1434" RootProgram=""/>
    <row Program="AIRPORT" PortHCID="S45" DeclHCID="S1P" VarHCID="S46" ParmNo="0" Dir="OUT" Type="SCREEN" Entity="MAP" Name="G-DISTREC" mOffset="6144" mSize="64" mStep="0" mCnt="1" Decision="false" SourceID="1434" RootProgram=""/>
    <row Program="AIRPORT" PortHCID="S4V" DeclHCID="S1Q" VarHCID="S4W" ParmNo="0" Dir="OUT" Type="SCREEN" Entity="MAP" Name="G-DISTSRCH" mOffset="6208" mSize="64" mStep="0" mCnt="1" Decision="false" SourceID="1434" RootProgram=""/>
    <row Program="AIRPORT" PortHCID="S53" DeclHCID="0" VarHCID="S54" ParmNo="0" Dir="OUT" Type="SCREEN" Entity="MAP" Name="DISPLAY" mOffset="0" mSize="0" mStep="0" mCnt="1" Decision="false" SourceID="1434" RootProgram=""/>
    <row Program="AIRPORT" PortHCID="S59" DeclHCID="SK" VarHCID="S5B" ParmNo="0" Dir="OUT" Type="CALL" Entity="PROGRAMENTRY" Name="AIRCODE" mOffset="1280" mSize="8" mStep="0" mCnt="1" Decision="false" SourceID="1434" RootProgram=""/>
    <row Program="AIRPORT" PortHCID="S59" DeclHCID="SX" VarHCID="S5C" ParmNo="1" Dir="OUT" Type="CALL" Entity="PROGRAMENTRY" Name="AIRCODE" mOffset="1344" mSize="32" mStep="0" mCnt="1" Decision="false" SourceID="1434" RootProgram=""/>
    <row Program="AIRPORT" PortHCID="S59" DeclHCID="SY" VarHCID="S5D" ParmNo="2" Dir="OUT" Type="CALL" Entity="PROGRAMENTRY" Name="AIRCODE" mOffset="1408" mSize="32" mStep="0" mCnt="1" Decision="false" SourceID="1434" RootProgram=""/>
    <row Program="AIRPORT" PortHCID="S59" DeclHCID="SZ" VarHCID="S5E" ParmNo="3" Dir="OUT" Type="CALL" Entity="PROGRAMENTRY" Name="AIRCODE" mOffset="1472" mSize="32" mStep="0" mCnt="1" Decision="false" SourceID="1434" RootProgram=""/>
    <row Program="AIRPORT" PortHCID="S59" DeclHCID="S17" VarHCID="S5F" ParmNo="4" Dir="INOUT" Type="CALL" Entity="PROGRAMENTRY" Name="AIRCODE" mOffset="4928" mSize="832" mStep="0" mCnt="1" Decision="false" SourceID="1434" RootProgram=""/>
    <row Program="AIRPORT" PortHCID="S59" DeclHCID="S10" VarHCID="S5G" ParmNo="5" Dir="INOUT" Type="CALL" Entity="PROGRAMENTRY" Name="AIRCODE" mOffset="1536" mSize="96" mStep="0" mCnt="1" Decision="false" SourceID="1434" RootProgram=""/>
    <row Program="AIRPORT" PortHCID="S59" DeclHCID="S13" VarHCID="S5H" ParmNo="6" Dir="INOUT" Type="CALL" Entity="PROGRAMENTRY" Name="AIRCODE" mOffset="1664" mSize="2800" mStep="0" mCnt="1" Decision="false" SourceID="1434" RootProgram=""/>
    <row Program="AIRPORT" PortHCID="S59" DeclHCID="S16" VarHCID="S5I" ParmNo="7" Dir="INOUT" Type="CALL" Entity="PROGRAMENTRY" Name="AIRCODE" mOffset="4864" mSize="16" mStep="0" mCnt="1" Decision="false" SourceID="1434" RootProgram=""/>
    <row Program="AIRPORT" PortHCID="S59" DeclHCID="SF" VarHCID="S5J" ParmNo="8" Dir="IN" Type="CALL" Entity="PROGRAMENTRY" Name="AIRCODE" mOffset="1152" mSize="32" mStep="0" mCnt="1" Decision="false" SourceID="1434" RootProgram=""/>
    <row Program="AIRPORT" PortHCID="S5M" DeclHCID="SF" VarHCID="S5N" ParmNo="0" Dir="OUT" Type="RETURN" Entity="" Name="AIRPORT" mOffset="1152" mSize="32" mStep="0" mCnt="1" Decision="false" SourceID="1434" RootProgram=""/>
  </table>
</tables>