<?xml version="1.0" encoding="iso-8859-1"?>
<tables>
  <table name="HCRelationships">
    <row DeclHCID1="SG" DeclHCID2="S1H" Type="move" VarHCID1="S3F" VarHCID2="S3G" Offset1="64" Size1="152" Step1="0" Cnt1="1" Offset2="1600" Size2="152" Step2="0" Cnt2="1" Sync="false" SourceID="1434"/>
    <row DeclHCID1="0" DeclHCID2="S1C" Type="const.comp" VarHCID1="S3I" VarHCID2="S3J" Offset1="0" Size1="0" Step1="0" Cnt1="1" Offset2="1520" Size2="40" Step2="0" Cnt2="1" Sync="false" SourceID="1434"/>
    <row DeclHCID1="S1C" DeclHCID2="S1C" Type="comp+" VarHCID1="S3J" VarHCID2="S3J" Offset1="1520" Size1="40" Step1="0" Cnt1="1" Offset2="1520" Size2="40" Step2="0" Cnt2="1" Sync="false" SourceID="1434"/>
    <row DeclHCID1="SO" DeclHCID2="0" Type="const.cond" VarHCID1="S3O" VarHCID2="S3P" Offset1="616" Size1="8" Step1="0" Cnt1="1" Offset2="0" Size2="0" Step2="0" Cnt2="1" Sync="false" SourceID="1434"/>
    <row DeclHCID1="SG" DeclHCID2="S1H" Type="move" VarHCID1="S3T" VarHCID2="S3U" Offset1="64" Size1="152" Step1="0" Cnt1="1" Offset2="1600" Size2="152" Step2="0" Cnt2="1" Sync="false" SourceID="1434"/>
    <row DeclHCID1="0" DeclHCID2="S1C" Type="const.comp" VarHCID1="S3W" VarHCID2="S3X" Offset1="0" Size1="0" Step1="0" Cnt1="1" Offset2="1520" Size2="40" Step2="0" Cnt2="1" Sync="false" SourceID="1434"/>
    <row DeclHCID1="S1C" DeclHCID2="S1C" Type="comp+" VarHCID1="S3X" VarHCID2="S3X" Offset1="1520" Size1="40" Step1="0" Cnt1="1" Offset2="1520" Size2="40" Step2="0" Cnt2="1" Sync="false" SourceID="1434"/>
    <row DeclHCID1="S1E" DeclHCID2="0" Type="const.cond" VarHCID1="S45" VarHCID2="S46" Offset1="1560" Size1="16" Step1="0" Cnt1="1" Offset2="0" Size2="0" Step2="0" Cnt2="1" Sync="false" SourceID="1434"/>
    <row DeclHCID1="S1M" DeclHCID2="S10" Type="move" VarHCID1="S4H" VarHCID2="S4G" Offset1="2112" Size1="392" Step1="0" Cnt1="1" Offset2="768" Size2="392" Step2="0" Cnt2="1" Sync="false" SourceID="1434"/>
    <row DeclHCID1="0" DeclHCID2="S1A" Type="const.move" VarHCID1="S4M" VarHCID2="S4N" Offset1="0" Size1="0" Step1="0" Cnt1="1" Offset2="1496" Size2="24" Step2="0" Cnt2="1" Sync="false" SourceID="1434"/>
    <row DeclHCID1="S1W" DeclHCID2="S10" Type="move" VarHCID1="S4X" VarHCID2="S4W" Offset1="2560" Size1="640" Step1="0" Cnt1="1" Offset2="768" Size2="640" Step2="0" Cnt2="1" Sync="false" SourceID="1434"/>
    <row DeclHCID1="S21" DeclHCID2="S10" Type="move" VarHCID1="S5A" VarHCID2="S59" Offset1="3328" Size1="416" Step1="0" Cnt1="1" Offset2="768" Size2="416" Step2="0" Cnt2="1" Sync="false" SourceID="1434"/>
    <row DeclHCID1="0" DeclHCID2="S1E" Type="const.move" VarHCID1="S5F" VarHCID2="S5G" Offset1="0" Size1="0" Step1="0" Cnt1="1" Offset2="1560" Size2="16" Step2="0" Cnt2="1" Sync="false" SourceID="1434"/>
    <row DeclHCID1="S1H" DeclHCID2="S1P" Type="move" VarHCID1="S5K" VarHCID2="S5L" Offset1="1600" Size1="152" Step1="0" Cnt1="1" Offset2="2152" Size2="152" Step2="0" Cnt2="1" Sync="false" SourceID="1434"/>
    <row DeclHCID1="S1A" DeclHCID2="S1S" Type="move" VarHCID1="S5N" VarHCID2="S5O" Offset1="1496" Size1="24" Step1="0" Cnt1="1" Offset2="2368" Size2="24" Step2="0" Cnt2="1" Sync="false" SourceID="1434"/>
    <row DeclHCID1="S18" DeclHCID2="S1V" Type="cast" VarHCID1="S5Q" VarHCID2="S5R" Offset1="1472" Size1="24" Step1="0" Cnt1="1" Offset2="2472" Size2="32" Step2="0" Cnt2="1" Sync="false" SourceID="1434"/>
    <row DeclHCID1="SV" DeclHCID2="S18" Type="comp+" VarHCID1="S5V" VarHCID2="S5W" Offset1="336" Size1="8" Step1="0" Cnt1="1" Offset2="1472" Size2="24" Step2="0" Cnt2="1" Sync="false" SourceID="1434"/>
    <row DeclHCID1="S18" DeclHCID2="S18" Type="comp+" VarHCID1="S5W" VarHCID2="S5W" Offset1="1472" Size1="24" Step1="0" Cnt1="1" Offset2="1472" Size2="24" Step2="0" Cnt2="1" Sync="false" SourceID="1434"/>
    <row DeclHCID1="0" DeclHCID2="S1A" Type="const.comp" VarHCID1="S5Y" VarHCID2="S5Z" Offset1="0" Size1="0" Step1="0" Cnt1="1" Offset2="1496" Size2="24" Step2="0" Cnt2="1" Sync="false" SourceID="1434"/>
    <row DeclHCID1="S1A" DeclHCID2="S1A" Type="comp+" VarHCID1="S5Z" VarHCID2="S5Z" Offset1="1496" Size1="24" Step1="0" Cnt1="1" Offset2="1496" Size2="24" Step2="0" Cnt2="1" Sync="false" SourceID="1434"/>
    <row DeclHCID1="0" DeclHCID2="S13" Type="const.move" VarHCID1="S67" VarHCID2="S68" Offset1="0" Size1="0" Step1="0" Cnt1="1" Offset2="1408" Size2="8" Step2="0" Cnt2="1" Sync="false" SourceID="1434"/>
    <row DeclHCID1="S1C" DeclHCID2="S1L" Type="move" VarHCID1="S6D" VarHCID2="S6E" Offset1="1520" Size1="40" Step1="0" Cnt1="1" Offset2="2032" Size2="40" Step2="0" Cnt2="1" Sync="false" SourceID="1434"/>
    <row DeclHCID1="S1I" DeclHCID2="S10" Type="move" VarHCID1="S6M" VarHCID2="S6L" Offset1="1792" Size1="280" Step1="0" Cnt1="1" Offset2="768" Size2="280" Step2="0" Cnt2="1" Sync="false" SourceID="1434"/>
    <row DeclHCID1="0" DeclHCID2="S13" Type="const.init" VarHCID1="S16" VarHCID2="S13" Offset1="0" Size1="0" Step1="0" Cnt1="1" Offset2="1408" Size2="8" Step2="0" Cnt2="1" Sync="false" SourceID="1434"/>
    <row DeclHCID1="0" DeclHCID2="S18" Type="const.init" VarHCID1="S19" VarHCID2="S18" Offset1="0" Size1="0" Step1="0" Cnt1="1" Offset2="1472" Size2="24" Step2="0" Cnt2="1" Sync="false" SourceID="1434"/>
    <row DeclHCID1="0" DeclHCID2="S1A" Type="const.init" VarHCID1="S1B" VarHCID2="S1A" Offset1="0" Size1="0" Step1="0" Cnt1="1" Offset2="1496" Size2="24" Step2="0" Cnt2="1" Sync="false" SourceID="1434"/>
    <row DeclHCID1="0" DeclHCID2="S1C" Type="const.init" VarHCID1="S1D" VarHCID2="S1C" Offset1="0" Size1="0" Step1="0" Cnt1="1" Offset2="1520" Size2="40" Step2="0" Cnt2="1" Sync="false" SourceID="1434"/>
    <row DeclHCID1="0" DeclHCID2="S1E" Type="const.init" VarHCID1="S1F" VarHCID2="S1E" Offset1="0" Size1="0" Step1="0" Cnt1="1" Offset2="1560" Size2="16" Step2="0" Cnt2="1" Sync="false" SourceID="1434"/>
    <row DeclHCID1="0" DeclHCID2="S1J" Type="const.init" VarHCID1="S1K" VarHCID2="S1J" Offset1="0" Size1="0" Step1="0" Cnt1="1" Offset2="1792" Size2="240" Step2="0" Cnt2="1" Sync="false" SourceID="1434"/>
    <row DeclHCID1="0" DeclHCID2="S1N" Type="const.init" VarHCID1="S1O" VarHCID2="S1N" Offset1="0" Size1="0" Step1="0" Cnt1="1" Offset2="2112" Size2="40" Step2="0" Cnt2="1" Sync="false" SourceID="1434"/>
    <row DeclHCID1="0" DeclHCID2="S1Q" Type="const.init" VarHCID1="S1R" VarHCID2="S1Q" Offset1="0" Size1="0" Step1="0" Cnt1="1" Offset2="2304" Size2="64" Step2="0" Cnt2="1" Sync="false" SourceID="1434"/>
    <row DeclHCID1="0" DeclHCID2="S1T" Type="const.init" VarHCID1="S1U" VarHCID2="S1T" Offset1="0" Size1="0" Step1="0" Cnt1="1" Offset2="2392" Size2="80" Step2="0" Cnt2="1" Sync="false" SourceID="1434"/>
    <row DeclHCID1="0" DeclHCID2="S1X" Type="const.init" VarHCID1="S1Y" VarHCID2="S1X" Offset1="0" Size1="0" Step1="0" Cnt1="1" Offset2="2560" Size2="80" Step2="0" Cnt2="1" Sync="false" SourceID="1434"/>
    <row DeclHCID1="0" DeclHCID2="S1Z" Type="const.init" VarHCID1="S20" VarHCID2="S1Z" Offset1="0" Size1="0" Step1="0" Cnt1="1" Offset2="2640" Size2="640" Step2="0" Cnt2="1" Sync="false" SourceID="1434"/>
    <row DeclHCID1="0" DeclHCID2="S22" Type="const.init" VarHCID1="S23" VarHCID2="S22" Offset1="0" Size1="0" Step1="0" Cnt1="1" Offset2="3328" Size2="40" Step2="0" Cnt2="1" Sync="false" SourceID="1434"/>
    <row DeclHCID1="0" DeclHCID2="S24" Type="const.init" VarHCID1="S25" VarHCID2="S24" Offset1="0" Size1="0" Step1="0" Cnt1="1" Offset2="3368" Size2="200" Step2="0" Cnt2="1" Sync="false" SourceID="1434"/>
    <row DeclHCID1="0" DeclHCID2="S26" Type="const.init" VarHCID1="S27" VarHCID2="S26" Offset1="0" Size1="0" Step1="0" Cnt1="1" Offset2="3568" Size2="120" Step2="0" Cnt2="1" Sync="false" SourceID="1434"/>
    <row DeclHCID1="0" DeclHCID2="S28" Type="const.init" VarHCID1="S29" VarHCID2="S28" Offset1="0" Size1="0" Step1="0" Cnt1="1" Offset2="3688" Size2="56" Step2="0" Cnt2="1" Sync="false" SourceID="1434"/>
    <row DeclHCID1="0" DeclHCID2="S2A" Type="const.init" VarHCID1="S2B" VarHCID2="S2A" Offset1="0" Size1="0" Step1="0" Cnt1="1" Offset2="3776" Size2="32" Step2="0" Cnt2="1" Sync="false" SourceID="1434"/>
    <row DeclHCID1="0" DeclHCID2="S2C" Type="const.init" VarHCID1="S2D" VarHCID2="S2C" Offset1="0" Size1="0" Step1="0" Cnt1="1" Offset2="3840" Size2="32" Step2="0" Cnt2="1" Sync="false" SourceID="1434"/>
    <row DeclHCID1="0" DeclHCID2="S2F" Type="const.init" VarHCID1="S2G" VarHCID2="S2F" Offset1="0" Size1="0" Step1="0" Cnt1="1" Offset2="4160" Size2="32" Step2="0" Cnt2="1" Sync="false" SourceID="1434"/>
    <row DeclHCID1="0" DeclHCID2="S2H" Type="const.init" VarHCID1="S2I" VarHCID2="S2H" Offset1="0" Size1="0" Step1="0" Cnt1="1" Offset2="4224" Size2="32" Step2="0" Cnt2="1" Sync="false" SourceID="1434"/>
    <row DeclHCID1="0" DeclHCID2="S2J" Type="const.init" VarHCID1="S2K" VarHCID2="S2J" Offset1="0" Size1="0" Step1="0" Cnt1="1" Offset2="4288" Size2="32" Step2="0" Cnt2="1" Sync="false" SourceID="1434"/>
    <row DeclHCID1="0" DeclHCID2="S2L" Type="const.init" VarHCID1="S2M" VarHCID2="S2L" Offset1="0" Size1="0" Step1="0" Cnt1="1" Offset2="4352" Size2="16" Step2="0" Cnt2="1" Sync="false" SourceID="1434"/>
  </table>
</tables>