<?xml version="1.0" encoding="iso-8859-1"?>
<tables>
  <table name="HCExternalRelationships">
    <row Program="DATA10" PortHCID="S2U" DeclHCID="0" VarHCID="S2V" ParmNo="0" Dir="OUT" Type="CONSOLE" Entity="" Name="DISPLAY" mOffset="0" mSize="0" mStep="0" mCnt="1" Decision="false" SourceID="1434" RootProgram=""/>
    <row Program="DATA10" PortHCID="S2X" DeclHCID="0" VarHCID="S2Y" ParmNo="0" Dir="OUT" Type="CONSOLE" Entity="" Name="DISPLAY" mOffset="0" mSize="0" mStep="0" mCnt="1" Decision="false" SourceID="1434" RootProgram=""/>
    <row Program="DATA10" PortHCID="S30" DeclHCID="0" VarHCID="S31" ParmNo="0" Dir="OUT" Type="CONSOLE" Entity="" Name="DISPLAY" mOffset="0" mSize="0" mStep="0" mCnt="1" Decision="false" SourceID="1434" RootProgram=""/>
    <row Program="DATA10" PortHCID="S4A" DeclHCID="S1M" VarHCID="S4B" ParmNo="0" Dir="OUT" Type="CONSOLE" Entity="" Name="DISPLAY" mOffset="2112" mSize="392" mStep="0" mCnt="1" Decision="false" SourceID="1434" RootProgram=""/>
    <row Program="DATA10" PortHCID="S4D" DeclHCID="S10" VarHCID="S4F" ParmNo="0" Dir="OUT" Type="WINFILE" Entity="DATAPORT" Name="CREDITS-REPORT" mOffset="768" mSize="640" mStep="0" mCnt="1" Decision="false" SourceID="1434" RootProgram=""/>
    <row Program="DATA10" PortHCID="S4Q" DeclHCID="S1W" VarHCID="S4R" ParmNo="0" Dir="OUT" Type="CONSOLE" Entity="" Name="DISPLAY" mOffset="2560" mSize="720" mStep="0" mCnt="1" Decision="false" SourceID="1434" RootProgram=""/>
    <row Program="DATA10" PortHCID="S4T" DeclHCID="S10" VarHCID="S4V" ParmNo="0" Dir="OUT" Type="WINFILE" Entity="DATAPORT" Name="CREDITS-REPORT" mOffset="768" mSize="640" mStep="0" mCnt="1" Decision="false" SourceID="1434" RootProgram=""/>
    <row Program="DATA10" PortHCID="S50" DeclHCID="S21" VarHCID="S51" ParmNo="0" Dir="OUT" Type="CONSOLE" Entity="" Name="DISPLAY" mOffset="3328" mSize="416" mStep="0" mCnt="1" Decision="false" SourceID="1434" RootProgram=""/>
    <row Program="DATA10" PortHCID="S53" DeclHCID="0" VarHCID="S54" ParmNo="0" Dir="OUT" Type="CONSOLE" Entity="" Name="DISPLAY" mOffset="0" mSize="0" mStep="0" mCnt="1" Decision="false" SourceID="1434" RootProgram=""/>
    <row Program="DATA10" PortHCID="S56" DeclHCID="S10" VarHCID="S58" ParmNo="0" Dir="OUT" Type="WINFILE" Entity="DATAPORT" Name="CREDITS-REPORT" mOffset="768" mSize="640" mStep="0" mCnt="1" Decision="false" SourceID="1434" RootProgram=""/>
    <row Program="DATA10" PortHCID="S62" DeclHCID="SF" VarHCID="S64" ParmNo="0" Dir="IN" Type="WINFILE" Entity="DATAPORT" Name="STUDENT-FILE" mOffset="64" mSize="592" mStep="0" mCnt="1" Decision="false" SourceID="1434" RootProgram=""/>
    <row Program="DATA10" PortHCID="S6F" DeclHCID="S1I" VarHCID="S6G" ParmNo="0" Dir="OUT" Type="CONSOLE" Entity="" Name="DISPLAY" mOffset="1792" mSize="280" mStep="0" mCnt="1" Decision="false" SourceID="1434" RootProgram=""/>
    <row Program="DATA10" PortHCID="S6I" DeclHCID="S10" VarHCID="S6K" ParmNo="0" Dir="OUT" Type="WINFILE" Entity="DATAPORT" Name="CREDITS-REPORT" mOffset="768" mSize="640" mStep="0" mCnt="1" Decision="false" SourceID="1434" RootProgram=""/>
  </table>
</tables>