<?xml version="1.0" encoding="iso-8859-1"?>
<tables>
  <table name="HCRelationships">
    <row DeclHCID1="SP" DeclHCID2="S1F" Type="move" VarHCID1="S37" VarHCID2="S38" Offset1="64" Size1="152" Step1="0" Cnt1="1" Offset2="1600" Size2="152" Step2="0" Cnt2="1" Sync="false" SourceID="1434"/>
    <row DeclHCID1="0" DeclHCID2="S1A" Type="const.comp" VarHCID1="S3A" VarHCID2="S3B" Offset1="0" Size1="0" Step1="0" Cnt1="1" Offset2="1520" Size2="40" Step2="0" Cnt2="1" Sync="false" SourceID="1434"/>
    <row DeclHCID1="S1A" DeclHCID2="S1A" Type="comp+" VarHCID1="S3B" VarHCID2="S3B" Offset1="1520" Size1="40" Step1="0" Cnt1="1" Offset2="1520" Size2="40" Step2="0" Cnt2="1" Sync="false" SourceID="1434"/>
    <row DeclHCID1="SV" DeclHCID2="0" Type="const.cond" VarHCID1="S3G" VarHCID2="S3H" Offset1="616" Size1="8" Step1="0" Cnt1="1" Offset2="0" Size2="0" Step2="0" Cnt2="1" Sync="false" SourceID="1434"/>
    <row DeclHCID1="SP" DeclHCID2="S1F" Type="move" VarHCID1="S3L" VarHCID2="S3M" Offset1="64" Size1="152" Step1="0" Cnt1="1" Offset2="1600" Size2="152" Step2="0" Cnt2="1" Sync="false" SourceID="1434"/>
    <row DeclHCID1="0" DeclHCID2="S1A" Type="const.comp" VarHCID1="S3O" VarHCID2="S3P" Offset1="0" Size1="0" Step1="0" Cnt1="1" Offset2="1520" Size2="40" Step2="0" Cnt2="1" Sync="false" SourceID="1434"/>
    <row DeclHCID1="S1A" DeclHCID2="S1A" Type="comp+" VarHCID1="S3P" VarHCID2="S3P" Offset1="1520" Size1="40" Step1="0" Cnt1="1" Offset2="1520" Size2="40" Step2="0" Cnt2="1" Sync="false" SourceID="1434"/>
    <row DeclHCID1="S1C" DeclHCID2="0" Type="const.cond" VarHCID1="S3X" VarHCID2="S3Y" Offset1="1560" Size1="16" Step1="0" Cnt1="1" Offset2="0" Size2="0" Step2="0" Cnt2="1" Sync="false" SourceID="1434"/>
    <row DeclHCID1="S1K" DeclHCID2="SY" Type="move" VarHCID1="S43" VarHCID2="S44" Offset1="2112" Size1="392" Step1="0" Cnt1="1" Offset2="768" Size2="392" Step2="0" Cnt2="1" Sync="false" SourceID="1434"/>
    <row DeclHCID1="0" DeclHCID2="S18" Type="const.move" VarHCID1="S47" VarHCID2="S48" Offset1="0" Size1="0" Step1="0" Cnt1="1" Offset2="1496" Size2="24" Step2="0" Cnt2="1" Sync="false" SourceID="1434"/>
    <row DeclHCID1="S1U" DeclHCID2="SY" Type="move" VarHCID1="S4C" VarHCID2="S4D" Offset1="2560" Size1="640" Step1="0" Cnt1="1" Offset2="768" Size2="640" Step2="0" Cnt2="1" Sync="false" SourceID="1434"/>
    <row DeclHCID1="S1Z" DeclHCID2="SY" Type="move" VarHCID1="S4G" VarHCID2="S4H" Offset1="3328" Size1="416" Step1="0" Cnt1="1" Offset2="768" Size2="416" Step2="0" Cnt2="1" Sync="false" SourceID="1434"/>
    <row DeclHCID1="0" DeclHCID2="S1C" Type="const.move" VarHCID1="S4K" VarHCID2="S4L" Offset1="0" Size1="0" Step1="0" Cnt1="1" Offset2="1560" Size2="16" Step2="0" Cnt2="1" Sync="false" SourceID="1434"/>
    <row DeclHCID1="S1F" DeclHCID2="S1N" Type="move" VarHCID1="S4P" VarHCID2="S4Q" Offset1="1600" Size1="152" Step1="0" Cnt1="1" Offset2="2152" Size2="152" Step2="0" Cnt2="1" Sync="false" SourceID="1434"/>
    <row DeclHCID1="S18" DeclHCID2="S1Q" Type="move" VarHCID1="S4S" VarHCID2="S4T" Offset1="1496" Size1="24" Step1="0" Cnt1="1" Offset2="2368" Size2="24" Step2="0" Cnt2="1" Sync="false" SourceID="1434"/>
    <row DeclHCID1="S16" DeclHCID2="S1T" Type="cast" VarHCID1="S4V" VarHCID2="S4W" Offset1="1472" Size1="24" Step1="0" Cnt1="1" Offset2="2472" Size2="32" Step2="0" Cnt2="1" Sync="false" SourceID="1434"/>
    <row DeclHCID1="ST" DeclHCID2="S16" Type="comp+" VarHCID1="S50" VarHCID2="S51" Offset1="336" Size1="8" Step1="0" Cnt1="1" Offset2="1472" Size2="24" Step2="0" Cnt2="1" Sync="false" SourceID="1434"/>
    <row DeclHCID1="S16" DeclHCID2="S16" Type="comp+" VarHCID1="S51" VarHCID2="S51" Offset1="1472" Size1="24" Step1="0" Cnt1="1" Offset2="1472" Size2="24" Step2="0" Cnt2="1" Sync="false" SourceID="1434"/>
    <row DeclHCID1="0" DeclHCID2="S18" Type="const.comp" VarHCID1="S53" VarHCID2="S54" Offset1="0" Size1="0" Step1="0" Cnt1="1" Offset2="1496" Size2="24" Step2="0" Cnt2="1" Sync="false" SourceID="1434"/>
    <row DeclHCID1="S18" DeclHCID2="S18" Type="comp+" VarHCID1="S54" VarHCID2="S54" Offset1="1496" Size1="24" Step1="0" Cnt1="1" Offset2="1496" Size2="24" Step2="0" Cnt2="1" Sync="false" SourceID="1434"/>
    <row DeclHCID1="0" DeclHCID2="S11" Type="const.move" VarHCID1="S5C" VarHCID2="S5D" Offset1="0" Size1="0" Step1="0" Cnt1="1" Offset2="1408" Size2="8" Step2="0" Cnt2="1" Sync="false" SourceID="1434"/>
    <row DeclHCID1="S1A" DeclHCID2="S1J" Type="move" VarHCID1="S5R" VarHCID2="S5S" Offset1="1520" Size1="40" Step1="0" Cnt1="1" Offset2="2032" Size2="40" Step2="0" Cnt2="1" Sync="false" SourceID="1434"/>
    <row DeclHCID1="S1G" DeclHCID2="SY" Type="move" VarHCID1="S5U" VarHCID2="S5V" Offset1="1792" Size1="280" Step1="0" Cnt1="1" Offset2="768" Size2="280" Step2="0" Cnt2="1" Sync="false" SourceID="1434"/>
    <row DeclHCID1="0" DeclHCID2="S11" Type="const.init" VarHCID1="S14" VarHCID2="S11" Offset1="0" Size1="0" Step1="0" Cnt1="1" Offset2="1408" Size2="8" Step2="0" Cnt2="1" Sync="false" SourceID="1434"/>
    <row DeclHCID1="0" DeclHCID2="S16" Type="const.init" VarHCID1="S17" VarHCID2="S16" Offset1="0" Size1="0" Step1="0" Cnt1="1" Offset2="1472" Size2="24" Step2="0" Cnt2="1" Sync="false" SourceID="1434"/>
    <row DeclHCID1="0" DeclHCID2="S18" Type="const.init" VarHCID1="S19" VarHCID2="S18" Offset1="0" Size1="0" Step1="0" Cnt1="1" Offset2="1496" Size2="24" Step2="0" Cnt2="1" Sync="false" SourceID="1434"/>
    <row DeclHCID1="0" DeclHCID2="S1A" Type="const.init" VarHCID1="S1B" VarHCID2="S1A" Offset1="0" Size1="0" Step1="0" Cnt1="1" Offset2="1520" Size2="40" Step2="0" Cnt2="1" Sync="false" SourceID="1434"/>
    <row DeclHCID1="0" DeclHCID2="S1C" Type="const.init" VarHCID1="S1D" VarHCID2="S1C" Offset1="0" Size1="0" Step1="0" Cnt1="1" Offset2="1560" Size2="16" Step2="0" Cnt2="1" Sync="false" SourceID="1434"/>
    <row DeclHCID1="0" DeclHCID2="S1H" Type="const.init" VarHCID1="S1I" VarHCID2="S1H" Offset1="0" Size1="0" Step1="0" Cnt1="1" Offset2="1792" Size2="240" Step2="0" Cnt2="1" Sync="false" SourceID="1434"/>
    <row DeclHCID1="0" DeclHCID2="S1L" Type="const.init" VarHCID1="S1M" VarHCID2="S1L" Offset1="0" Size1="0" Step1="0" Cnt1="1" Offset2="2112" Size2="40" Step2="0" Cnt2="1" Sync="false" SourceID="1434"/>
    <row DeclHCID1="0" DeclHCID2="S1O" Type="const.init" VarHCID1="S1P" VarHCID2="S1O" Offset1="0" Size1="0" Step1="0" Cnt1="1" Offset2="2304" Size2="64" Step2="0" Cnt2="1" Sync="false" SourceID="1434"/>
    <row DeclHCID1="0" DeclHCID2="S1R" Type="const.init" VarHCID1="S1S" VarHCID2="S1R" Offset1="0" Size1="0" Step1="0" Cnt1="1" Offset2="2392" Size2="80" Step2="0" Cnt2="1" Sync="false" SourceID="1434"/>
    <row DeclHCID1="0" DeclHCID2="S1V" Type="const.init" VarHCID1="S1W" VarHCID2="S1V" Offset1="0" Size1="0" Step1="0" Cnt1="1" Offset2="2560" Size2="80" Step2="0" Cnt2="1" Sync="false" SourceID="1434"/>
    <row DeclHCID1="0" DeclHCID2="S1X" Type="const.init" VarHCID1="S1Y" VarHCID2="S1X" Offset1="0" Size1="0" Step1="0" Cnt1="1" Offset2="2640" Size2="640" Step2="0" Cnt2="1" Sync="false" SourceID="1434"/>
    <row DeclHCID1="0" DeclHCID2="S20" Type="const.init" VarHCID1="S21" VarHCID2="S20" Offset1="0" Size1="0" Step1="0" Cnt1="1" Offset2="3328" Size2="40" Step2="0" Cnt2="1" Sync="false" SourceID="1434"/>
    <row DeclHCID1="0" DeclHCID2="S22" Type="const.init" VarHCID1="S23" VarHCID2="S22" Offset1="0" Size1="0" Step1="0" Cnt1="1" Offset2="3368" Size2="200" Step2="0" Cnt2="1" Sync="false" SourceID="1434"/>
    <row DeclHCID1="0" DeclHCID2="S24" Type="const.init" VarHCID1="S25" VarHCID2="S24" Offset1="0" Size1="0" Step1="0" Cnt1="1" Offset2="3568" Size2="120" Step2="0" Cnt2="1" Sync="false" SourceID="1434"/>
    <row DeclHCID1="0" DeclHCID2="S26" Type="const.init" VarHCID1="S27" VarHCID2="S26" Offset1="0" Size1="0" Step1="0" Cnt1="1" Offset2="3688" Size2="56" Step2="0" Cnt2="1" Sync="false" SourceID="1434"/>
    <row DeclHCID1="0" DeclHCID2="S28" Type="const.init" VarHCID1="S29" VarHCID2="S28" Offset1="0" Size1="0" Step1="0" Cnt1="1" Offset2="3776" Size2="32" Step2="0" Cnt2="1" Sync="false" SourceID="1434"/>
    <row DeclHCID1="0" DeclHCID2="S2A" Type="const.init" VarHCID1="S2B" VarHCID2="S2A" Offset1="0" Size1="0" Step1="0" Cnt1="1" Offset2="3840" Size2="32" Step2="0" Cnt2="1" Sync="false" SourceID="1434"/>
    <row DeclHCID1="0" DeclHCID2="S2D" Type="const.init" VarHCID1="S2E" VarHCID2="S2D" Offset1="0" Size1="0" Step1="0" Cnt1="1" Offset2="4160" Size2="32" Step2="0" Cnt2="1" Sync="false" SourceID="1434"/>
    <row DeclHCID1="0" DeclHCID2="S2F" Type="const.init" VarHCID1="S2G" VarHCID2="S2F" Offset1="0" Size1="0" Step1="0" Cnt1="1" Offset2="4224" Size2="32" Step2="0" Cnt2="1" Sync="false" SourceID="1434"/>
    <row DeclHCID1="0" DeclHCID2="S2H" Type="const.init" VarHCID1="S2I" VarHCID2="S2H" Offset1="0" Size1="0" Step1="0" Cnt1="1" Offset2="4288" Size2="32" Step2="0" Cnt2="1" Sync="false" SourceID="1434"/>
    <row DeclHCID1="0" DeclHCID2="S2J" Type="const.init" VarHCID1="S2K" VarHCID2="S2J" Offset1="0" Size1="0" Step1="0" Cnt1="1" Offset2="4352" Size2="16" Step2="0" Cnt2="1" Sync="false" SourceID="1434"/>
  </table>
</tables>