{
  "Profiles": {
    "Profile1": {
      "commandName": "Project",
      "executablePath": "C:\\VCStudio\\Projects\\Data10\\Data10\\bin\\x86\\Debug\\coredump.20120807_161148",
      "otherSettings": {
        "EnableRemoteDebugging": "False"
      }
    },
    "EXERCISE2": {
      "commandName": "Project",
      "otherSettings": {
        "MultiOutputDebugTarget": "EXERCISE2.int"
      }
    },
    "EXERCISE1": {
      "commandName": "Project",
      "otherSettings": {
        "MultiOutputDebugTarget": "EXERCISE1.int"
      }
    }
  }
}